Fecha;Tipo;Detalle;Importe
31/1/2024;Gastos;Alimentación;-11660
26/5/2024;Gastos;Honorarios Asesoría General;-229885
4/4/2024;Gastos;Gastos varios;-158472
16/3/2024;Gastos;Institucionales varios;-56026
4/3/2024;Gastos;Servicios Soporte;-197447
30/3/2024;Gastos;Insumos Pedagógicos;-176507
2/3/2024;Gastos;Alimentación;-220046
27/6/2024;Gastos;Honorarios Asesoría General;-151263
19/1/2024;Gastos;Gastos varios;-19014
18/4/2024;Gastos;Institucionales varios;-193959
6/3/2024;Gastos;Servicios Soporte;-247318
18/1/2024;Gastos;Insumos Pedagógicos;-243339
6/5/2024;Gastos;Alimentación;-165876
19/3/2024;Gastos;Honorarios Asesoría General;-171619
28/2/2024;Gastos;Gastos varios;-110248
9/6/2024;Gastos;Institucionales varios;-60583
12/2/2024;Gastos;Servicios Soporte;-202128
12/2/2024;Gastos;Insumos Pedagógicos;-138336
16/5/2024;Gastos;Alimentación;-130478
1/4/2024;Gastos;Honorarios Asesoría General;-98664
22/6/2024;Gastos;Gastos varios;-248564
12/1/2024;Gastos;Institucionales varios;-19483
21/5/2024;Gastos;Servicios Soporte;-38459
8/4/2024;Gastos;Insumos Pedagógicos;-143033
22/3/2024;Gastos;Alimentación;-111243
10/5/2024;Gastos;Honorarios Asesoría General;-79911
3/5/2024;Gastos;Gastos varios;-30219
4/6/2024;Gastos;Institucionales varios;-86825
13/6/2024;Gastos;Servicios Soporte;-24573
6/2/2024;Gastos;Insumos Pedagógicos;-39168
3/3/2024;Gastos;Alimentación;-202261
11/3/2024;Gastos;Honorarios Asesoría General;-66873
21/6/2024;Gastos;Gastos varios;-123157
27/3/2024;Gastos;Institucionales varios;-84567
13/5/2024;Gastos;Servicios Soporte;-15039
13/3/2024;Gastos;Insumos Pedagógicos;-158588
5/1/2024;Gastos;Alimentación;-45663
29/2/2024;Gastos;Honorarios Asesoría General;-146153
22/2/2024;Gastos;Gastos varios;-112835
17/6/2024;Gastos;Institucionales varios;-188554
14/2/2024;Gastos;Servicios Soporte;-153273
6/1/2024;Gastos;Insumos Pedagógicos;-85688
27/2/2024;Gastos;Alimentación;-24035
29/1/2024;Gastos;Honorarios Asesoría General;-117707
19/2/2024;Gastos;Gastos varios;-144695
12/4/2024;Gastos;Institucionales varios;-51264
2/5/2024;Gastos;Servicios Soporte;-71853
8/1/2024;Gastos;Alimentación;-40126
18/2/2024;Gastos;Gastos varios;-153937
17/3/2024;Gastos;Institucionales varios;-142460
4/1/2024;Gastos;Servicios Soporte;-184371
23/2/2024;Gastos;Insumos Pedagógicos;-43426
1/5/2024;Gastos;Honorarios Asesoría General;-238252
26/1/2024;Gastos;Gastos varios;-204022
29/6/2024;Gastos;Institucionales varios;-121389
20/3/2024;Gastos;Servicios Soporte;-108214
15/4/2024;Gastos;Insumos Pedagógicos;-42905
14/2/2024;Gastos;Alimentación;-203310
19/1/2024;Gastos;Honorarios Asesoría General;-216059
18/3/2024;Gastos;Gastos varios;-152989
23/3/2024;Gastos;Institucionales varios;-201108
2/6/2024;Gastos;Servicios Soporte;-10164
4/1/2024;Gastos;Alimentación;-83555
18/5/2024;Gastos;Honorarios Asesoría General;-212855
2/3/2024;Gastos;Gastos varios;-46612
29/1/2024;Gastos;Institucionales varios;-32000
29/3/2024;Gastos;Institucionales varios;-150420
1/1/2024;Gastos;Servicios Soporte;-156568
20/1/2024;Gastos;Insumos Pedagógicos;-209204
12/3/2024;Gastos;Honorarios Asesoría General;-217766
25/3/2024;Gastos;Gastos varios;-220966
29/2/2024;Gastos;Institucionales varios;-24710
9/1/2024;Gastos;Servicios Soporte;-92650
30/5/2024;Gastos;Insumos Pedagógicos;-231991
11/3/2024;Gastos;Alimentación;-246479
12/1/2024;Gastos;Honorarios Asesoría General;-128799
10/6/2024;Gastos;Gastos varios;-229012
27/2/2024;Gastos;Institucionales varios;-165406
6/5/2024;Gastos;Servicios Soporte;-122880
17/3/2024;Gastos;Insumos Pedagógicos;-122127
6/4/2024;Gastos;Alimentación;-128838
3/1/2024;Gastos;Honorarios Asesoría General;-62378
1/5/2024;Gastos;Gastos varios;-121086
9/4/2024;Gastos;Institucionales varios;-234752
24/5/2024;Gastos;Servicios Soporte;-115620
15/1/2024;Gastos;Insumos Pedagógicos;-78723
14/4/2024;Gastos;Alimentación;-165070
9/4/2024;Gastos;Honorarios Asesoría General;-29110
28/1/2024;Gastos;Institucionales varios;-28033
20/1/2024;Gastos;Servicios Soporte;-98854
12/6/2024;Gastos;Insumos Pedagógicos;-58428
6/5/2024;Gastos;Alimentación;-101603
9/1/2024;Gastos;Honorarios Asesoría General;-150678
28/3/2024;Gastos;Institucionales varios;-173227
14/4/2024;Gastos;Gastos varios;-30808
9/3/2024;Gastos;Servicios Soporte;-72357
18/1/2024;Gastos;Insumos Pedagógicos;-139687
8/2/2024;Gastos;Alimentación;-18521
18/3/2024;Gastos;Honorarios Asesoría General;-189954
15/3/2024;Gastos;Insumos Pedagógicos;-55617
3/1/2024;Gastos;Honorarios Asesoría General;-164873
19/4/2024;Gastos;Alimentación;-204368
8/3/2024;Gastos;Insumos Pedagógicos;-75330
7/1/2024;Gastos;Alimentación;-23335
4/6/2024;Gastos;Gastos varios;-117106
6/5/2024;Gastos;Gastos varios;-209460
26/3/2024;Gastos;Institucionales varios;-224365
7/5/2024;Gastos;Servicios Soporte;-185402
5/6/2024;Gastos;Insumos Pedagógicos;-156680
2/4/2024;Gastos;Alimentación;-108316
29/2/2024;Gastos;Honorarios Asesoría General;-197818
14/3/2024;Gastos;Gastos varios;-174615
18/1/2024;Gastos;Institucionales varios;-214016
28/3/2024;Gastos;Servicios Soporte;-270035
15/4/2024;Gastos;Insumos Pedagógicos;-292966
17/5/2024;Gastos;Alimentación;-207617
4/2/2024;Gastos;Honorarios Asesoría General;-299795
5/3/2024;Gastos;Gastos varios;-252040
10/4/2024;Gastos;Institucionales varios;-158655
19/5/2024;Gastos;Servicios Soporte;-234322
19/6/2024;Gastos;Insumos Pedagógicos;-248954
1/2/2024;Gastos;Alimentación;-168452
3/6/2024;Gastos;Honorarios Asesoría General;-128252
2/5/2024;Gastos;Institucionales varios;-242014
6/3/2024;Gastos;Servicios Soporte;-155351
21/1/2024;Gastos;Insumos Pedagógicos;-283772
7/1/2024;Gastos;Alimentación;-213343
3/6/2024;Gastos;Honorarios Asesoría General;-50432
25/2/2024;Gastos;Gastos varios;-174377
30/6/2024;Gastos;Institucionales varios;-124891
11/5/2024;Gastos;Servicios Soporte;-204006
28/6/2024;Gastos;Insumos Pedagógicos;-80841
21/3/2024;Gastos;Alimentación;-37732
9/1/2024;Gastos;Honorarios Asesoría General;-135868
22/2/2024;Gastos;Gastos varios;-204823
29/6/2024;Gastos;Institucionales varios;-209036
3/3/2024;Gastos;Servicios Soporte;-140396
25/1/2024;Gastos;Insumos Pedagógicos;-160810
17/5/2024;Gastos;Alimentación;-161283
6/3/2024;Gastos;Honorarios Asesoría General;-127588
14/6/2024;Gastos;Gastos varios;-95580
9/2/2024;Gastos;Institucionales varios;-134052
5/1/2024;Gastos;Servicios Soporte;-219093
16/2/2024;Gastos;Insumos Pedagógicos;-73957
15/2/2024;Gastos;Alimentación;-39175
11/2/2024;Gastos;Honorarios Asesoría General;-88494
16/2/2024;Gastos;Gastos varios;-228756
9/6/2024;Gastos;Institucionales varios;-202092
30/5/2024;Gastos;Servicios Soporte;-155264
15/6/2024;Gastos;Insumos Pedagógicos;-210166
20/4/2024;Gastos;Alimentación;-135738
18/4/2024;Gastos;Honorarios Asesoría General;-112002
30/6/2024;Gastos;Gastos varios;-215609
10/5/2024;Gastos;Institucionales varios;-74744
18/3/2024;Gastos;Servicios Soporte;-75070
18/3/2024;Gastos;Honorarios Asesoría General;-171488
8/2/2024;Gastos;Alimentación;-288255
18/1/2024;Gastos;Insumos Pedagógicos;-195975
9/3/2024;Gastos;Servicios Soporte;-158607
28/3/2024;Gastos;Gastos varios;-238101
14/4/2024;Gastos;Gastos varios;-288617
9/1/2024;Gastos;Honorarios Asesoría General;-251833
6/5/2024;Gastos;Alimentación;-235688
12/6/2024;Gastos;Insumos Pedagógicos;-110198
21/1/2024;Gastos;Insumos Pedagógicos;-269252
20/1/2024;Gastos;Servicios Soporte;-12373
6/3/2024;Gastos;Servicios Soporte;-151274
28/1/2024;Gastos;Institucionales varios;-101610
2/5/2024;Gastos;Institucionales varios;-273713
4/6/2024;Gastos;Gastos varios;-291963
9/4/2024;Gastos;Honorarios Asesoría General;-224379
3/6/2024;Gastos;Honorarios Asesoría General;-153447
14/4/2024;Gastos;Alimentación;-79543
1/2/2024;Gastos;Alimentación;-41665
15/1/2024;Gastos;Insumos Pedagógicos;-58494
19/6/2024;Gastos;Insumos Pedagógicos;-218705
24/5/2024;Gastos;Servicios Soporte;-35574
19/5/2024;Gastos;Servicios Soporte;-26434
9/4/2024;Gastos;Institucionales varios;-295412
10/4/2024;Gastos;Institucionales varios;-128265
1/5/2024;Gastos;Gastos varios;-136358
5/3/2024;Gastos;Gastos varios;-288537
3/1/2024;Gastos;Honorarios Asesoría General;-122441
4/2/2024;Gastos;Honorarios Asesoría General;-133962
1/1/2019;Gastos;Servicios Soporte;-109470
28/3/2019;Gastos;Servicios Soporte;-211512
28/5/2019;Gastos;Servicios Soporte;-115392
7/1/2021;Gastos;Servicios Soporte;-66906
7/10/2020;Gastos;Servicios Soporte;-149277
1/1/2023;Gastos;Servicios Soporte;-164820
7/10/2023;Gastos;Servicios Soporte;-84017
3/1/2019;Gastos;Honorarios Asesoría General;-12770
1/4/2019;Gastos;Honorarios Asesoría General;-279575
1/6/2019;Gastos;Honorarios Asesoría General;-229019
10/1/2021;Gastos;Honorarios Asesoría General;-277032
10/10/2020;Gastos;Honorarios Asesoría General;-170554
3/1/2023;Gastos;Honorarios Asesoría General;-109099
10/10/2023;Gastos;Honorarios Asesoría General;-120929
5/1/2019;Gastos;Honorarios Asesoría General;-272036
4/4/2019;Gastos;Honorarios Asesoría General;-211801
4/6/2019;Gastos;Honorarios Asesoría General;-153534
13/1/2021;Gastos;Honorarios Asesoría General;-291211
13/10/2020;Gastos;Honorarios Asesoría General;-25100
5/1/2023;Gastos;Honorarios Asesoría General;-136125
13/10/2023;Gastos;Honorarios Asesoría General;-151245
7/1/2019;Gastos;Servicios Protagonistas;-10352
7/4/2019;Gastos;Servicios Protagonistas;-199434
16/1/2021;Gastos;Servicios Protagonistas;-288754
7/1/2023;Gastos;Servicios Protagonistas;-241670
10/1/2019;Gastos;Gastos varios;-291670
10/4/2019;Gastos;Gastos varios;-175139
19/1/2021;Gastos;Gastos varios;-140691
10/1/2023;Gastos;Gastos varios;-257510
11/2/2019;Gastos;Insumos Varios Programas Sociales;-104176
13/4/2019;Gastos;Insumos Varios Programas Sociales;-18742
22/1/2021;Gastos;Insumos Varios Programas Sociales;-29783
11/2/2023;Gastos;Insumos Varios Programas Sociales;-47776
14/2/2019;Gastos;Servicios Soporte;-64042
16/4/2019;Gastos;Servicios Soporte;-271022
25/1/2021;Gastos;Servicios Soporte;-269442
14/2/2023;Gastos;Servicios Soporte;-51622
17/2/2019;Gastos;Honorarios Asesoría General;-131033
19/4/2019;Gastos;Honorarios Asesoría General;-166866
28/1/2021;Gastos;Honorarios Asesoría General;-42714
17/2/2023;Gastos;Honorarios Asesoría General;-130133
20/2/2019;Gastos;Servicios Protagonistas;-152895
22/4/2019;Gastos;Servicios Protagonistas;-230465
1/2/2021;Gastos;Servicios Protagonistas;-190624
20/2/2023;Gastos;Servicios Protagonistas;-232698
12/1/2019;Gastos;Gastos varios;-192247
23/2/2019;Gastos;Gastos varios;-215535
25/4/2019;Gastos;Gastos varios;-53588
4/2/2021;Gastos;Gastos varios;-198463
12/1/2023;Gastos;Gastos varios;-193408
23/2/2023;Gastos;Gastos varios;-175620
15/1/2019;Gastos;Insumos Varios Programas Sociales;-233493
26/2/2019;Gastos;Insumos Varios Programas Sociales;-172873
28/4/2019;Gastos;Insumos Varios Programas Sociales;-134090
7/2/2021;Gastos;Insumos Varios Programas Sociales;-128552
15/1/2023;Gastos;Insumos Varios Programas Sociales;-200989
26/2/2023;Gastos;Insumos Varios Programas Sociales;-248690
17/1/2019;Gastos;Servicios Soporte;-39393
1/3/2019;Gastos;Servicios Soporte;-202116
1/5/2019;Gastos;Servicios Soporte;-282553
10/2/2021;Gastos;Servicios Soporte;-143848
17/1/2023;Gastos;Servicios Soporte;-172745
1/3/2023;Gastos;Servicios Soporte;-176341
20/1/2019;Gastos;Honorarios Asesoría General;-125746
4/3/2019;Gastos;Honorarios Asesoría General;-259600
4/5/2019;Gastos;Honorarios Asesoría General;-232274
7/6/2019;Gastos;Honorarios Asesoría General;-49747
13/2/2021;Gastos;Honorarios Asesoría General;-111656
16/10/2020;Gastos;Honorarios Asesoría General;-43202
20/1/2023;Gastos;Honorarios Asesoría General;-129158
4/3/2023;Gastos;Honorarios Asesoría General;-152240
16/10/2023;Gastos;Honorarios Asesoría General;-35853
22/1/2019;Gastos;Servicios Protagonistas;-13869
7/3/2019;Gastos;Servicios Protagonistas;-157396
7/5/2019;Gastos;Servicios Protagonistas;-97345
10/6/2019;Gastos;Servicios Protagonistas;-57351
16/2/2021;Gastos;Servicios Protagonistas;-251228
19/10/2020;Gastos;Servicios Protagonistas;-257036
22/1/2023;Gastos;Servicios Protagonistas;-226947
19/10/2023;Gastos;Servicios Protagonistas;-57471
25/1/2019;Gastos;Gastos varios;-277243
10/3/2019;Gastos;Gastos varios;-184382
10/5/2019;Gastos;Gastos varios;-273206
13/6/2019;Gastos;Gastos varios;-109321
19/2/2021;Gastos;Gastos varios;-11195
22/10/2020;Gastos;Gastos varios;-218095
25/1/2023;Gastos;Gastos varios;-14028
22/10/2023;Gastos;Gastos varios;-289894
27/1/2019;Gastos;Insumos Varios Programas Sociales;-212213
13/3/2019;Gastos;Insumos Varios Programas Sociales;-189803
13/5/2019;Gastos;Insumos Varios Programas Sociales;-91956
16/6/2019;Gastos;Insumos Varios Programas Sociales;-94918
22/9/2020;Gastos;Insumos Varios Programas Sociales;-262781
25/10/2020;Gastos;Insumos Varios Programas Sociales;-113111
27/1/2023;Gastos;Insumos Varios Programas Sociales;-93391
25/10/2023;Gastos;Insumos Varios Programas Sociales;-228821
30/1/2019;Gastos;Servicios Soporte;-214933
16/3/2019;Gastos;Servicios Soporte;-121607
16/5/2019;Gastos;Servicios Soporte;-63352
19/6/2019;Gastos;Servicios Soporte;-60909
25/9/2020;Gastos;Servicios Soporte;-191131
28/10/2020;Gastos;Servicios Soporte;-30101
30/1/2023;Gastos;Servicios Soporte;-239664
28/10/2023;Gastos;Servicios Soporte;-16770
2/2/2019;Gastos;Honorarios Asesoría General;-167832
19/3/2019;Gastos;Honorarios Asesoría General;-247694
19/5/2019;Gastos;Honorarios Asesoría General;-113663
22/6/2019;Gastos;Honorarios Asesoría General;-19987
28/9/2020;Gastos;Honorarios Asesoría General;-26855
1/11/2020;Gastos;Honorarios Asesoría General;-299321
2/2/2023;Gastos;Honorarios Asesoría General;-145362
1/11/2023;Gastos;Honorarios Asesoría General;-52591
5/2/2019;Gastos;Servicios Protagonistas;-285851
22/3/2019;Gastos;Servicios Protagonistas;-266431
22/5/2019;Gastos;Servicios Protagonistas;-47892
25/6/2019;Gastos;Servicios Protagonistas;-143655
1/1/2021;Gastos;Servicios Protagonistas;-253069
1/10/2020;Gastos;Servicios Protagonistas;-124078
4/11/2020;Gastos;Servicios Protagonistas;-164974
5/2/2023;Gastos;Servicios Protagonistas;-98184
1/10/2023;Gastos;Servicios Protagonistas;-70237
4/11/2023;Gastos;Servicios Protagonistas;-249088
8/2/2019;Gastos;Gastos varios;-130253
25/3/2019;Gastos;Gastos varios;-201168
25/5/2019;Gastos;Gastos varios;-182791
28/6/2019;Gastos;Gastos varios;-100941
1/7/2019;Gastos;Gastos varios;-74480
4/7/2019;Gastos;Gastos varios;-50006
4/1/2021;Gastos;Gastos varios;-70453
4/10/2020;Gastos;Gastos varios;-16006
7/11/2020;Gastos;Gastos varios;-168444
10/11/2020;Gastos;Gastos varios;-285123
13/11/2020;Gastos;Gastos varios;-118002
8/2/2023;Gastos;Gastos varios;-262998
4/10/2023;Gastos;Gastos varios;-71101
7/11/2023;Gastos;Gastos varios;-132812
10/11/2023;Gastos;Gastos varios;-193225
13/11/2023;Gastos;Gastos varios;-198619
2/1/2020;Gastos;Servicios Soporte;-222631
1/4/2020;Gastos;Servicios Soporte;-61912
1/7/2020;Gastos;Servicios Soporte;-235544
22/11/2020;Gastos;Servicios Soporte;-153467
4/3/2021;Gastos;Servicios Soporte;-229698
16/11/2020;Gastos;Servicios Soporte;-66132
19/2/2021;Gastos;Servicios Soporte;-296580
19/10/2022;Gastos;Servicios Soporte;-228513
5/1/2020;Gastos;Honorarios Asesoría General;-183419
4/4/2020;Gastos;Honorarios Asesoría General;-218194
4/7/2020;Gastos;Honorarios Asesoría General;-175383
25/11/2020;Gastos;Honorarios Asesoría General;-216757
7/3/2021;Gastos;Honorarios Asesoría General;-102297
17/11/2022;Gastos;Honorarios Asesoría General;-24251
22/9/2022;Gastos;Honorarios Asesoría General;-149161
22/10/2022;Gastos;Honorarios Asesoría General;-91564
8/1/2020;Gastos;Honorarios Asesoría General;-296190
7/4/2020;Gastos;Honorarios Asesoría General;-251963
7/7/2020;Gastos;Honorarios Asesoría General;-119340
28/11/2020;Gastos;Honorarios Asesoría General;-248673
18/11/2022;Gastos;Honorarios Asesoría General;-75137
25/9/2022;Gastos;Honorarios Asesoría General;-85257
25/10/2022;Gastos;Honorarios Asesoría General;-91564
11/1/2020;Gastos;Gastos varios;-88564
10/4/2020;Gastos;Gastos varios;-109710
10/7/2020;Gastos;Gastos varios;-129304
1/12/2020;Gastos;Gastos varios;-233659
28/1/2021;Gastos;Gastos varios;-30337
28/9/2022;Gastos;Gastos varios;-246839
14/1/2020;Gastos;Insumos Varios Programas Sociales;-22903
13/4/2020;Gastos;Insumos Varios Programas Sociales;-247663
13/7/2020;Gastos;Insumos Varios Programas Sociales;-90516
4/12/2020;Gastos;Insumos Varios Programas Sociales;-139242
1/2/2021;Gastos;Insumos Varios Programas Sociales;-88185
1/10/2022;Gastos;Insumos Varios Programas Sociales;-244816
17/1/2020;Gastos;Servicios Soporte;-74389
16/4/2020;Gastos;Servicios Soporte;-117043
16/7/2020;Gastos;Servicios Soporte;-97376
7/12/2020;Gastos;Servicios Soporte;-231968
4/2/2021;Gastos;Servicios Soporte;-146818
4/10/2022;Gastos;Servicios Soporte;-14222
20/1/2020;Gastos;Honorarios Asesoría General;-37706
19/4/2020;Gastos;Honorarios Asesoría General;-11442
19/7/2020;Gastos;Honorarios Asesoría General;-179093
10/12/2020;Gastos;Honorarios Asesoría General;-173998
7/2/2021;Gastos;Honorarios Asesoría General;-283665
7/10/2022;Gastos;Honorarios Asesoría General;-212134
23/1/2020;Gastos;Servicios Protagonistas;-198341
22/4/2020;Gastos;Servicios Protagonistas;-10587
22/7/2020;Gastos;Servicios Protagonistas;-179746
13/12/2020;Gastos;Servicios Protagonistas;-83142
10/2/2021;Gastos;Servicios Protagonistas;-59591
10/10/2022;Gastos;Servicios Protagonistas;-280267
26/1/2020;Gastos;Gastos varios;-237422
25/4/2020;Gastos;Gastos varios;-13020
25/7/2020;Gastos;Gastos varios;-94240
16/12/2020;Gastos;Gastos varios;-64138
13/2/2021;Gastos;Gastos varios;-209335
13/10/2022;Gastos;Gastos varios;-211622
29/1/2020;Gastos;Insumos Varios Programas Sociales;-79707
28/4/2020;Gastos;Insumos Varios Programas Sociales;-217800
28/7/2020;Gastos;Insumos Varios Programas Sociales;-26298
19/12/2020;Gastos;Insumos Varios Programas Sociales;-147083
16/2/2021;Gastos;Insumos Varios Programas Sociales;-241869
16/10/2022;Gastos;Insumos Varios Programas Sociales;-140463
1/2/2020;Gastos;Honorarios Asesoría General;-12989
1/5/2020;Gastos;Honorarios Asesoría General;-268049
1/8/2020;Gastos;Honorarios Asesoría General;-222635
22/12/2020;Gastos;Honorarios Asesoría General;-256449
19/2/2021;Gastos;Honorarios Asesoría General;-141315
19/10/2022;Gastos;Honorarios Asesoría General;-186346
4/2/2020;Gastos;Servicios Soporte;-249854
4/5/2020;Gastos;Servicios Soporte;-229698
4/8/2020;Gastos;Servicios Soporte;-192599
25/12/2020;Gastos;Servicios Soporte;-152846
7/1/2021;Gastos;Servicios Soporte;-110878
22/9/2022;Gastos;Servicios Soporte;-48679
22/10/2022;Gastos;Servicios Soporte;-50488
7/2/2020;Gastos;Honorarios Asesoría General;-127726
7/5/2020;Gastos;Honorarios Asesoría General;-102297
7/8/2020;Gastos;Honorarios Asesoría General;-150974
28/12/2020;Gastos;Honorarios Asesoría General;-256144
10/1/2021;Gastos;Honorarios Asesoría General;-31099
25/9/2022;Gastos;Honorarios Asesoría General;-194151
25/10/2022;Gastos;Honorarios Asesoría General;-126804
10/2/2020;Gastos;Gastos varios;-243396
10/5/2020;Gastos;Gastos varios;-24358
10/8/2020;Gastos;Gastos varios;-60625
1/10/2020;Gastos;Gastos varios;-161646
1/1/2021;Gastos;Gastos varios;-135225
13/1/2021;Gastos;Gastos varios;-249165
28/9/2022;Gastos;Gastos varios;-219837
28/1/2021;Gastos;Gastos varios;-173152
13/2/2020;Gastos;Insumos Varios Programas Sociales;-46325
13/5/2020;Gastos;Insumos Varios Programas Sociales;-165797
13/8/2020;Gastos;Insumos Varios Programas Sociales;-294815
4/10/2020;Gastos;Insumos Varios Programas Sociales;-57988
4/1/2021;Gastos;Insumos Varios Programas Sociales;-89516
16/1/2021;Gastos;Insumos Varios Programas Sociales;-281214
1/10/2022;Gastos;Insumos Varios Programas Sociales;-225311
1/2/2021;Gastos;Insumos Varios Programas Sociales;-170553
16/2/2020;Gastos;Servicios Soporte;-220987
16/5/2020;Gastos;Servicios Soporte;-260964
16/8/2020;Gastos;Servicios Soporte;-45468
7/10/2020;Gastos;Servicios Soporte;-135113
19/1/2021;Gastos;Servicios Soporte;-148154
4/10/2022;Gastos;Servicios Soporte;-247527
4/2/2021;Gastos;Servicios Soporte;-212736
19/2/2020;Gastos;Honorarios Asesoría General;-221445
19/5/2020;Gastos;Honorarios Asesoría General;-228513
19/8/2020;Gastos;Honorarios Asesoría General;-247726
10/10/2020;Gastos;Honorarios Asesoría General;-295302
22/1/2021;Gastos;Honorarios Asesoría General;-217867
7/10/2022;Gastos;Honorarios Asesoría General;-223875
7/2/2021;Gastos;Honorarios Asesoría General;-151708
22/2/2020;Gastos;Servicios Protagonistas;-94895
22/5/2020;Gastos;Servicios Protagonistas;-91564
22/8/2020;Gastos;Servicios Protagonistas;-175561
13/10/2020;Gastos;Servicios Protagonistas;-73794
25/1/2021;Gastos;Servicios Protagonistas;-73794
10/10/2022;Gastos;Servicios Protagonistas;-148032
10/2/2021;Gastos;Servicios Protagonistas;-279688
25/2/2020;Gastos;Gastos varios;-139765
25/5/2020;Gastos;Gastos varios;-143944
25/8/2020;Gastos;Gastos varios;-158384
16/10/2020;Gastos;Gastos varios;-106432
28/1/2021;Gastos;Gastos varios;-106432
13/10/2022;Gastos;Gastos varios;-42668
13/2/2021;Gastos;Gastos varios;-72059
28/2/2020;Gastos;Insumos Varios Programas Sociales;-248599
28/5/2020;Gastos;Insumos Varios Programas Sociales;-159738
28/8/2020;Gastos;Insumos Varios Programas Sociales;-122240
19/10/2020;Gastos;Insumos Varios Programas Sociales;-90675
1/2/2021;Gastos;Insumos Varios Programas Sociales;-90675
16/10/2022;Gastos;Insumos Varios Programas Sociales;-81679
16/2/2021;Gastos;Insumos Varios Programas Sociales;-117043
2/3/2020;Gastos;Honorarios Asesoría General;-130696
1/6/2020;Gastos;Honorarios Asesoría General;-207725
1/9/2020;Gastos;Honorarios Asesoría General;-121055
22/10/2020;Gastos;Honorarios Asesoría General;-252093
4/2/2021;Gastos;Honorarios Asesoría General;-252093
19/10/2022;Gastos;Honorarios Asesoría General;-280320
19/2/2021;Gastos;Honorarios Asesoría General;-11442
5/3/2020;Gastos;Servicios Soporte;-88206
4/6/2020;Gastos;Servicios Soporte;-103821
4/9/2020;Gastos;Servicios Soporte;-52184
25/10/2020;Gastos;Servicios Soporte;-85168
7/2/2021;Gastos;Servicios Soporte;-85168
22/10/2022;Gastos;Servicios Soporte;-34695
22/9/2022;Gastos;Servicios Soporte;-10587
8/3/2020;Gastos;Honorarios Asesoría General;-255727
7/6/2020;Gastos;Honorarios Asesoría General;-253296
7/9/2020;Gastos;Honorarios Asesoría General;-200021
28/10/2020;Gastos;Honorarios Asesoría General;-278387
10/2/2021;Gastos;Honorarios Asesoría General;-278387
25/10/2022;Gastos;Honorarios Asesoría General;-82635
25/9/2022;Gastos;Honorarios Asesoría General;-13020
11/3/2020;Gastos;Gastos varios;-295728
10/6/2020;Gastos;Gastos varios;-201749
10/9/2020;Gastos;Gastos varios;-269410
1/11/2020;Gastos;Gastos varios;-156276
13/2/2021;Gastos;Gastos varios;-156276
28/1/2021;Gastos;Gastos varios;-124428
28/9/2022;Gastos;Gastos varios;-217800
14/3/2020;Gastos;Insumos Varios Programas Sociales;-59893
13/6/2020;Gastos;Insumos Varios Programas Sociales;-43682
13/9/2020;Gastos;Insumos Varios Programas Sociales;-228649
4/11/2020;Gastos;Insumos Varios Programas Sociales;-28845
16/2/2021;Gastos;Insumos Varios Programas Sociales;-28845
1/2/2021;Gastos;Insumos Varios Programas Sociales;-61059
1/10/2022;Gastos;Insumos Varios Programas Sociales;-268049
17/3/2020;Gastos;Servicios Soporte;-44782
16/6/2020;Gastos;Servicios Soporte;-36878
16/9/2020;Gastos;Servicios Soporte;-47698
7/11/2020;Gastos;Servicios Soporte;-298913
19/2/2021;Gastos;Servicios Soporte;-11442
4/2/2021;Gastos;Servicios Soporte;-183119
4/10/2022;Gastos;Servicios Soporte;-229698
20/3/2020;Gastos;Honorarios Asesoría General;-195892
19/6/2020;Gastos;Honorarios Asesoría General;-113452
19/9/2020;Gastos;Honorarios Asesoría General;-20782
10/11/2020;Gastos;Honorarios Asesoría General;-10509
22/2/2021;Gastos;Honorarios Asesoría General;-10587
7/2/2021;Gastos;Honorarios Asesoría General;-202693
7/10/2022;Gastos;Honorarios Asesoría General;-102297
23/3/2020;Gastos;Servicios Protagonistas;-108357
22/6/2020;Gastos;Servicios Protagonistas;-280161
22/9/2020;Gastos;Servicios Protagonistas;-138216
13/11/2020;Gastos;Servicios Protagonistas;-239084
25/2/2021;Gastos;Servicios Protagonistas;-13020
10/2/2021;Gastos;Servicios Protagonistas;-26156
10/10/2022;Gastos;Servicios Protagonistas;-24358
26/3/2020;Gastos;Gastos varios;-221537
25/6/2020;Gastos;Gastos varios;-164567
25/9/2020;Gastos;Gastos varios;-91071
16/11/2020;Gastos;Gastos varios;-98759
28/2/2021;Gastos;Gastos varios;-217800
13/2/2021;Gastos;Gastos varios;-295351
13/10/2022;Gastos;Gastos varios;-165797
29/3/2020;Gastos;Insumos Varios Programas Sociales;-277194
28/6/2020;Gastos;Insumos Varios Programas Sociales;-137527
28/9/2020;Gastos;Insumos Varios Programas Sociales;-157821
19/11/2020;Gastos;Insumos Varios Programas Sociales;-22735
1/3/2021;Gastos;Insumos Varios Programas Sociales;-268049
16/2/2021;Gastos;Insumos Varios Programas Sociales;-195051
16/10/2022;Gastos;Insumos Varios Programas Sociales;-260964
26/2/2024;Ingresos;Ingresos Institucionales mensuales;292732
12/1/2024;Ingresos;Donaciones Personales no recurrentes;326439
8/6/2024;Ingresos;Donaciones Personales no recurrentes;276920
11/2/2024;Ingresos;Ingresos Institucionales mensuales;406733
29/5/2024;Ingresos;Donaciones Personales no recurrentes;352572
7/2/2024;Ingresos;Donaciones Personales no recurrentes;499223
26/6/2024;Ingresos;Ingresos Institucionales mensuales;344730
1/1/2024;Ingresos;Donaciones Personales no recurrentes;489625
17/5/2024;Ingresos;Donaciones Personales no recurrentes;428367
1/4/2024;Ingresos;Ingresos Institucionales mensuales;362840
16/3/2024;Ingresos;Donaciones Personales no recurrentes;152834
15/4/2024;Ingresos;Donaciones Personales no recurrentes;175310
4/2/2024;Ingresos;Ingresos Institucionales mensuales;417633
4/2/2024;Ingresos;Ingresos Institucionales mensuales;169763
5/6/2024;Ingresos;Donaciones Personales no recurrentes;244263
23/3/2024;Ingresos;Donaciones Personales no recurrentes;109935
7/4/2024;Ingresos;Ingresos Institucionales mensuales;483186
29/3/2024;Ingresos;Donaciones Personales no recurrentes;349289
30/3/2024;Ingresos;Donaciones Personales no recurrentes;191824
1/1/2024;Ingresos;Ingresos Institucionales mensuales;349612
4/3/2024;Ingresos;Donaciones Personales no recurrentes;452948
16/4/2024;Ingresos;Donaciones Personales no recurrentes;359387
4/2/2024;Ingresos;Ingresos Institucionales mensuales;453421
30/5/2024;Ingresos;Donaciones Personales no recurrentes;333679
31/5/2024;Ingresos;Donaciones Personales no recurrentes;152261
8/6/2024;Ingresos;Ingresos Institucionales mensuales;309782
13/6/2024;Ingresos;Donaciones Personales no recurrentes;270140
5/6/2024;Ingresos;Donaciones Personales no recurrentes;414446
27/1/2024;Ingresos;Ingresos Institucionales mensuales;218575
18/6/2024;Ingresos;Donaciones Personales no recurrentes;272633
22/1/2024;Ingresos;Donaciones Personales no recurrentes;445169
5/6/2024;Ingresos;Ingresos Institucionales mensuales;189438
7/5/2024;Ingresos;Donaciones Personales no recurrentes;115526
21/4/2024;Ingresos;Donaciones Personales no recurrentes;154409
1/6/2024;Ingresos;Ingresos Institucionales mensuales;380153
13/3/2024;Ingresos;Donaciones Personales no recurrentes;398095
1/1/2024;Ingresos;Donaciones Personales no recurrentes;385421
1/2/2024;Ingresos;Ingresos Institucionales mensuales;397090
20/5/2024;Ingresos;Donaciones Personales no recurrentes;259341
28/6/2024;Ingresos;Donaciones Personales no recurrentes;406805
27/4/2024;Ingresos;Ingresos Institucionales mensuales;333954
29/2/2024;Ingresos;Donaciones Personales no recurrentes;86846
14/6/2024;Ingresos;Donaciones Personales no recurrentes;167448
14/5/2024;Ingresos;Donaciones Personales mensuales;70569
3/4/2024;Ingresos;Donaciones Personales no recurrentes;130021
12/4/2024;Ingresos;Donaciones Personales no recurrentes;135342
15/3/2024;Ingresos;Donaciones Personales mensuales;55258
11/4/2024;Ingresos;Donaciones Personales no recurrentes;104301
2/5/2024;Ingresos;Donaciones Personales no recurrentes;158669
1/1/2024;Ingresos;Donaciones Personales mensuales;166965
30/1/2024;Ingresos;Donaciones Personales no recurrentes;151978
17/4/2024;Ingresos;Donaciones Personales no recurrentes;176989
4/2/2024;Ingresos;Donaciones Personales no recurrentes;102271
27/6/2024;Ingresos;Donaciones Personales no recurrentes;154758
11/5/2024;Ingresos;Donaciones Personales no recurrentes;55466
7/4/2024;Ingresos;Donaciones Personales mensuales;89589
22/4/2024;Ingresos;Donaciones Personales no recurrentes;75404
6/2/2024;Ingresos;Donaciones Personales no recurrentes;114077
4/3/2024;Ingresos;Donaciones Personales mensuales;174259
17/4/2024;Ingresos;Donaciones Personales no recurrentes;133689
13/5/2024;Ingresos;Donaciones Personales no recurrentes;58351
17/3/2024;Ingresos;Donaciones Personales mensuales;104373
16/5/2024;Ingresos;Donaciones Personales no recurrentes;167335
29/1/2024;Ingresos;Donaciones Personales no recurrentes;99055
26/6/2024;Ingresos;Donaciones Personales mensuales;60683
9/5/2024;Ingresos;Donaciones Personales no recurrentes;119390
1/2/2024;Ingresos;Donaciones Personales no recurrentes;117232
13/6/2024;Ingresos;Donaciones Personales mensuales;100701
26/1/2024;Ingresos;Donaciones Personales no recurrentes;186202
26/1/2024;Ingresos;Donaciones Personales no recurrentes;173157
17/2/2024;Ingresos;Donaciones Personales no recurrentes;109167
29/5/2024;Ingresos;Donaciones Personales mensuales;121715
12/6/2024;Ingresos;Donaciones Personales no recurrentes;181679
24/5/2024;Ingresos;Donaciones Personales no recurrentes;164792
12/4/2024;Ingresos;Donaciones Personales mensuales;184834
19/2/2024;Ingresos;Donaciones Personales no recurrentes;173825
2/2/2024;Ingresos;Donaciones Personales no recurrentes;166200
18/5/2024;Ingresos;Donaciones Personales mensuales;106340
20/6/2024;Ingresos;Donaciones Personales no recurrentes;130340
13/3/2024;Ingresos;Donaciones Personales no recurrentes;90786
6/3/2024;Ingresos;Donaciones Personales no recurrentes;188151
30/6/2024;Ingresos;Donaciones Personales no recurrentes;136947
16/2/2024;Ingresos;Donaciones Personales no recurrentes;165727
24/6/2024;Ingresos;Donaciones Personales mensuales;114296
15/3/2024;Ingresos;Donaciones Personales no recurrentes;76383
18/6/2024;Ingresos;Donaciones Personales no recurrentes;137963
8/2/2024;Ingresos;Donaciones Personales mensuales;63095
5/4/2024;Ingresos;Donaciones Personales no recurrentes;113891
22/2/2024;Ingresos;Donaciones Personales no recurrentes;125419
28/6/2024;Ingresos;Donaciones Personales mensuales;121338
10/6/2024;Ingresos;Donaciones Personales no recurrentes;58739
10/4/2024;Ingresos;Donaciones Personales no recurrentes;65020
22/4/2024;Ingresos;Donaciones Personales mensuales;163410
9/3/2024;Ingresos;Donaciones Personales no recurrentes;123679
29/1/2024;Ingresos;Donaciones Personales no recurrentes;126605
2/4/2024;Ingresos;Donaciones Personales no recurrentes;84706
22/2/2024;Ingresos;Donaciones Personales no recurrentes;195855
15/4/2024;Ingresos;Donaciones Personales no recurrentes;114424
15/4/2024;Ingresos;Donaciones Personales no recurrentes;110881
15/4/2024;Ingresos;Donaciones Personales no recurrentes;57867
28/5/2024;Ingresos;Donaciones Personales mensuales;139723
5/5/2024;Ingresos;Donaciones Personales no recurrentes;133131
25/1/2024;Ingresos;Donaciones Personales no recurrentes;162961
26/2/2024;Ingresos;Donaciones Personales mensuales;156325
31/5/2024;Ingresos;Donaciones en Especies;120000
1/6/2024;Ingresos;Donaciones en Especies;150000
2/6/2024;Ingresos;Donaciones en Especies;200000
3/6/2024;Ingresos;Donaciones en Especies;180000
4/6/2024;Ingresos;Donaciones en Especies;220000
1/1/2024;Ingresos;Ingresos Estado;650000
2/2/2024;Ingresos;Donaciones Personales no recurrentes;780000
4/10/2022;Ingresos;Ingresos Estado;281342
4/10/2022;Ingresos;Ingresos Estado;383818
4/10/2022;Ingresos;Ingresos Estado;217763
4/10/2022;Ingresos;Ingresos Estado;424093
4/10/2022;Ingresos;Ingresos Estado;191399
4/10/2022;Ingresos;Ingresos Estado;390950
4/10/2022;Ingresos;Ingresos Estado;797809
4/10/2022;Ingresos;Ingresos Estado;596040
4/10/2022;Ingresos;Ingresos Estado;683505
4/10/2022;Ingresos;Ingresos Estado;627181
4/10/2022;Ingresos;Ingresos Estado;659415
4/10/2022;Ingresos;Ingresos Estado;758508
9/8/2019;Ingresos;Ingresos Estado;183574
9/8/2019;Ingresos;Ingresos Estado;714947
9/8/2019;Ingresos;Ingresos Estado;249584
9/8/2019;Ingresos;Ingresos Estado;730842
9/8/2019;Ingresos;Ingresos Estado;280468
9/8/2019;Ingresos;Ingresos Estado;166865
9/8/2019;Ingresos;Ingresos Estado;655577
9/8/2019;Ingresos;Ingresos Estado;686866
9/8/2019;Ingresos;Ingresos Estado;492556
9/8/2019;Ingresos;Ingresos Estado;470537
9/8/2019;Ingresos;Ingresos Estado;143318
9/8/2019;Ingresos;Ingresos Estado;387405
9/8/2019;Ingresos;Ingresos Estado;748110
9/8/2019;Ingresos;Ingresos Estado;606837
9/8/2019;Ingresos;Ingresos Estado;732998
9/8/2019;Ingresos;Ingresos Estado;433172
9/8/2019;Ingresos;Ingresos Estado;65198
9/8/2019;Ingresos;Ingresos Estado;505685
9/8/2019;Ingresos;Ingresos Estado;547634
9/8/2019;Ingresos;Ingresos Estado;662880
9/8/2019;Ingresos;Ingresos Estado;257499
9/8/2019;Ingresos;Ingresos Estado;567511
9/8/2019;Ingresos;Ingresos Estado;78589
9/8/2019;Ingresos;Ingresos Estado;778799
9/8/2019;Ingresos;Ingresos Estado;402281
9/8/2019;Ingresos;Ingresos Estado;368134
9/8/2019;Ingresos;Ingresos Estado;238802
9/8/2019;Ingresos;Ingresos Estado;739084
9/8/2019;Ingresos;Ingresos Estado;578868
9/8/2019;Ingresos;Ingresos Estado;481653
9/8/2019;Ingresos;Ingresos Estado;676243
2/5/2020;Ingresos;Ingresos Bonos Contribución;101418
2/5/2020;Ingresos;Ingresos Bonos Contribución;153871
2/5/2020;Ingresos;Ingresos Bonos Contribución;141673
2/5/2020;Ingresos;Ingresos Bonos Contribución;130672
2/5/2020;Ingresos;Ingresos Bonos Contribución;195011
2/5/2020;Ingresos;Ingresos Bonos Contribución;199470
2/5/2020;Ingresos;Ingresos Bonos Contribución;196540
2/5/2020;Ingresos;Ingresos Bonos Contribución;167308
2/5/2020;Ingresos;Ingresos Bonos Contribución;194895
2/5/2020;Ingresos;Ingresos Bonos Contribución;157365
2/5/2020;Ingresos;Ingresos Bonos Contribución;156809
2/5/2020;Ingresos;Ingresos Bonos Contribución;168805
2/5/2020;Ingresos;Ingresos Bonos Contribución;175721
2/5/2020;Ingresos;Ingresos Bonos Contribución;129491
2/12/2019;Ingresos;Ingresos Bonos Contribución;766487
2/12/2019;Ingresos;Ingresos Bonos Contribución;356286
2/12/2019;Ingresos;Ingresos Bonos Contribución;72321
2/12/2019;Ingresos;Ingresos Bonos Contribución;512660
2/12/2019;Ingresos;Ingresos Bonos Contribución;235999
2/12/2019;Ingresos;Ingresos Bonos Contribución;188904
2/12/2019;Ingresos;Ingresos Bonos Contribución;183842
2/12/2019;Ingresos;Ingresos Bonos Contribución;70469
2/12/2019;Ingresos;Ingresos Bonos Contribución;207544
2/12/2019;Ingresos;Ingresos Bonos Contribución;483595
2/12/2019;Ingresos;Ingresos Bonos Contribución;226668
2/12/2019;Ingresos;Ingresos Bonos Contribución;285886
2/12/2019;Ingresos;Ingresos Bonos Contribución;321539
2/12/2019;Ingresos;Ingresos Bonos Contribución;345181
2/12/2019;Ingresos;Ingresos Bonos Contribución;250534
2/12/2019;Ingresos;Ingresos Bonos Contribución;333984
2/12/2019;Ingresos;Ingresos Bonos Contribución;522252
2/12/2019;Ingresos;Ingresos Bonos Contribución;564381
2/12/2019;Ingresos;Ingresos Bonos Contribución;53611
2/12/2019;Ingresos;Ingresos Bonos Contribución;175471
2/12/2019;Ingresos;Ingresos Bonos Contribución;487451
2/12/2019;Ingresos;Ingresos Bonos Contribución;590151
2/12/2019;Ingresos;Ingresos Bonos Contribución;442684
2/12/2019;Ingresos;Ingresos Bonos Contribución;520747
2/12/2019;Ingresos;Ingresos Bonos Contribución;599251
2/12/2019;Ingresos;Ingresos Bonos Contribución;360648
2/12/2019;Ingresos;Ingresos Bonos Contribución;63873
2/12/2019;Ingresos;Ingresos Bonos Contribución;299852
2/12/2019;Ingresos;Ingresos Bonos Contribución;723618
2/12/2019;Ingresos;Ingresos Bonos Contribución;615923
2/12/2019;Ingresos;Ingresos Bonos Contribución;282999
2/12/2019;Ingresos;Ingresos Bonos Contribución;693094
2/12/2019;Ingresos;Ingresos Bonos Contribución;54677
2/12/2019;Ingresos;Ingresos Bonos Contribución;319808
2/12/2019;Ingresos;Ingresos Bonos Contribución;626970
2/12/2019;Ingresos;Ingresos Bonos Contribución;364686
2/12/2019;Ingresos;Ingresos Bonos Contribución;631303
2/12/2019;Ingresos;Ingresos Bonos Contribución;274376
2/12/2019;Ingresos;Ingresos Bonos Contribución;128788
2/12/2019;Ingresos;Ingresos Bonos Contribución;256681
2/12/2019;Ingresos;Ingresos Bonos Contribución;480666
2/12/2019;Ingresos;Ingresos Bonos Contribución;482346
2/12/2019;Ingresos;Ingresos Bonos Contribución;488328
2/12/2019;Ingresos;Ingresos Bonos Contribución;262263
2/12/2019;Ingresos;Ingresos Bonos Contribución;356384
2/12/2019;Ingresos;Ingresos Bonos Contribución;544174
2/12/2019;Ingresos;Ingresos Bonos Contribución;149397
2/12/2019;Ingresos;Ingresos Bonos Contribución;675154
2/12/2019;Ingresos;Ingresos Bonos Contribución;202733
2/12/2019;Ingresos;Ingresos Bonos Contribución;773286
2/12/2019;Ingresos;Ingresos Bonos Contribución;334462
2/12/2019;Ingresos;Ingresos Bonos Contribución;739298
2/12/2019;Ingresos;Ingresos Bonos Contribución;539067
2/12/2019;Ingresos;Ingresos Bonos Contribución;159307
2/12/2019;Ingresos;Ingresos Bonos Contribución;152701
2/12/2019;Ingresos;Ingresos Bonos Contribución;430624
2/12/2019;Ingresos;Ingresos Bonos Contribución;148343
13/8/2019;Ingresos;Ingresos Estado;385846
13/8/2019;Ingresos;Ingresos Estado;750782
13/8/2019;Ingresos;Ingresos Estado;409837
13/8/2019;Ingresos;Ingresos Estado;747805
13/8/2019;Ingresos;Ingresos Estado;260898
13/8/2019;Ingresos;Ingresos Estado;558515
21/1/2022;Ingresos;Ingresos Estado;706102
21/1/2022;Ingresos;Ingresos Estado;254098
21/1/2022;Ingresos;Ingresos Estado;76229
21/1/2022;Ingresos;Ingresos Estado;628328
21/1/2022;Ingresos;Ingresos Estado;486856
21/1/2022;Ingresos;Ingresos Estado;298046
21/1/2022;Ingresos;Ingresos Estado;171034
21/1/2022;Ingresos;Ingresos Estado;587146
21/1/2022;Ingresos;Ingresos Estado;417361
21/1/2022;Ingresos;Ingresos Estado;279196
21/1/2022;Ingresos;Ingresos Estado;706918
21/1/2022;Ingresos;Ingresos Estado;385281
21/1/2022;Ingresos;Ingresos Estado;331280
21/1/2022;Ingresos;Ingresos Estado;351957
21/1/2022;Ingresos;Ingresos Estado;357979
21/1/2022;Ingresos;Ingresos Estado;581485
21/1/2022;Ingresos;Ingresos Estado;428123
21/1/2022;Ingresos;Ingresos Estado;85345
21/1/2022;Ingresos;Ingresos Estado;774305
21/1/2022;Ingresos;Ingresos Estado;609982
21/1/2022;Ingresos;Ingresos Estado;680131
21/1/2022;Ingresos;Ingresos Estado;130889
21/1/2022;Ingresos;Ingresos Estado;760502
21/1/2022;Ingresos;Ingresos Estado;469510
21/1/2022;Ingresos;Ingresos Estado;577317
21/1/2022;Ingresos;Ingresos Estado;445942
21/1/2022;Ingresos;Ingresos Estado;239793
21/1/2022;Ingresos;Ingresos Estado;340346
21/1/2022;Ingresos;Ingresos Estado;178456
21/1/2022;Ingresos;Ingresos Estado;224200
21/1/2022;Ingresos;Ingresos Estado;609063
21/1/2022;Ingresos;Ingresos Estado;740873
21/1/2022;Ingresos;Ingresos Estado;508753
21/1/2020;Ingresos;Ingresos Servicios;193728
21/1/2020;Ingresos;Ingresos Servicios;139844
21/1/2020;Ingresos;Ingresos Servicios;45549
21/1/2020;Ingresos;Ingresos Servicios;87788
21/1/2020;Ingresos;Ingresos Servicios;57471
21/1/2020;Ingresos;Ingresos Servicios;40464
21/1/2020;Ingresos;Ingresos Servicios;190604
21/1/2020;Ingresos;Ingresos Servicios;197183
21/1/2020;Ingresos;Ingresos Servicios;46112
21/1/2020;Ingresos;Ingresos Servicios;132359
21/1/2020;Ingresos;Ingresos Servicios;180459
21/1/2020;Ingresos;Ingresos Servicios;113088
22/12/2020;Ingresos;Ingresos Servicios;180488
22/12/2020;Ingresos;Ingresos Servicios;79065
22/12/2020;Ingresos;Ingresos Servicios;184185
22/12/2020;Ingresos;Ingresos Servicios;65000
22/12/2020;Ingresos;Ingresos Servicios;181635
22/12/2020;Ingresos;Ingresos Servicios;66423
22/12/2020;Ingresos;Ingresos Servicios;123625
22/12/2020;Ingresos;Ingresos Servicios;89993
22/12/2020;Ingresos;Ingresos Servicios;11747
22/12/2020;Ingresos;Ingresos Servicios;43728
22/12/2020;Ingresos;Ingresos Servicios;108254
22/12/2020;Ingresos;Ingresos Servicios;53331
22/12/2020;Ingresos;Ingresos Servicios;156418
22/12/2020;Ingresos;Ingresos Servicios;172159
22/12/2020;Ingresos;Ingresos Servicios;196425
22/12/2020;Ingresos;Ingresos Servicios;43469
22/12/2020;Ingresos;Ingresos Servicios;31692
22/12/2020;Ingresos;Ingresos Servicios;92066
22/12/2020;Ingresos;Ingresos Servicios;121690
22/12/2020;Ingresos;Ingresos Servicios;87280
22/12/2020;Ingresos;Ingresos Servicios;85785
22/12/2020;Ingresos;Ingresos Servicios;149833
22/12/2020;Ingresos;Ingresos Servicios;86746
22/12/2020;Ingresos;Ingresos Servicios;66711
22/12/2020;Ingresos;Ingresos Servicios;40287
23/12/2018;Ingresos;Ingresos Bonos Contribución;72299
23/12/2018;Ingresos;Ingresos Bonos Contribución;63458
23/12/2018;Ingresos;Ingresos Bonos Contribución;173463
23/12/2018;Ingresos;Ingresos Bonos Contribución;42590
23/12/2018;Ingresos;Ingresos Bonos Contribución;58332
23/12/2018;Ingresos;Ingresos Bonos Contribución;185679
23/12/2018;Ingresos;Ingresos Bonos Contribución;43675
24/1/2020;Ingresos;Ingresos Bonos Contribución;387885
24/1/2020;Ingresos;Ingresos Bonos Contribución;540813
24/1/2020;Ingresos;Ingresos Bonos Contribución;274968
24/1/2020;Ingresos;Ingresos Bonos Contribución;276867
24/1/2020;Ingresos;Ingresos Bonos Contribución;460149
24/1/2020;Ingresos;Ingresos Bonos Contribución;247913
24/1/2020;Ingresos;Ingresos Bonos Contribución;565616
24/1/2020;Ingresos;Ingresos Bonos Contribución;219966
24/1/2020;Ingresos;Ingresos Bonos Contribución;264022
24/1/2020;Ingresos;Ingresos Bonos Contribución;354871
24/1/2020;Ingresos;Ingresos Bonos Contribución;244865
24/1/2020;Ingresos;Ingresos Bonos Contribución;325793
24/1/2020;Ingresos;Ingresos Bonos Contribución;399685
24/1/2020;Ingresos;Ingresos Bonos Contribución;486131
24/1/2020;Ingresos;Ingresos Bonos Contribución;455211
24/1/2020;Ingresos;Ingresos Bonos Contribución;334904
24/1/2020;Ingresos;Ingresos Bonos Contribución;268278
24/1/2020;Ingresos;Ingresos Bonos Contribución;486280
24/1/2020;Ingresos;Ingresos Bonos Contribución;335920
24/1/2020;Ingresos;Ingresos Bonos Contribución;581841
24/1/2020;Ingresos;Ingresos Bonos Contribución;294729
24/1/2020;Ingresos;Ingresos Bonos Contribución;545689
24/1/2020;Ingresos;Ingresos Bonos Contribución;347660
24/1/2020;Ingresos;Ingresos Bonos Contribución;416591
24/1/2020;Ingresos;Ingresos Bonos Contribución;572610
24/1/2020;Ingresos;Ingresos Bonos Contribución;317989
24/1/2020;Ingresos;Ingresos Bonos Contribución;477604
24/1/2020;Ingresos;Ingresos Bonos Contribución;484857
24/1/2020;Ingresos;Ingresos Bonos Contribución;299187
24/1/2020;Ingresos;Ingresos Bonos Contribución;361284
24/1/2020;Ingresos;Ingresos Bonos Contribución;375092
24/1/2020;Ingresos;Ingresos Bonos Contribución;378265
24/1/2020;Ingresos;Ingresos Bonos Contribución;398047
24/1/2020;Ingresos;Ingresos Bonos Contribución;529570
24/1/2020;Ingresos;Ingresos Bonos Contribución;572356
24/1/2020;Ingresos;Ingresos Bonos Contribución;280450
24/1/2020;Ingresos;Ingresos Bonos Contribución;233279
25/1/2023;Ingresos;Ingresos Bonos Contribución;329609
25/1/2023;Ingresos;Ingresos Bonos Contribución;280069
25/1/2023;Ingresos;Ingresos Bonos Contribución;258235
25/1/2023;Ingresos;Ingresos Bonos Contribución;371932
25/1/2023;Ingresos;Ingresos Bonos Contribución;488646
25/1/2023;Ingresos;Ingresos Bonos Contribución;243430
25/1/2023;Ingresos;Ingresos Bonos Contribución;435348
25/1/2023;Ingresos;Ingresos Bonos Contribución;540812
25/1/2023;Ingresos;Ingresos Bonos Contribución;515890
25/1/2023;Ingresos;Ingresos Bonos Contribución;593821
26/1/2018;Ingresos;Ingresos Estado;243823
26/1/2018;Ingresos;Ingresos Estado;272276
26/1/2018;Ingresos;Ingresos Estado;205153
26/1/2018;Ingresos;Ingresos Estado;218438
26/1/2018;Ingresos;Ingresos Estado;135999
26/1/2018;Ingresos;Ingresos Estado;190938
1/1/2018;Ingresos;Ingresos Bonos Contribución;66227
1/1/2018;Ingresos;Ingresos Bonos Contribución;55300
1/1/2018;Ingresos;Ingresos Bonos Contribución;84760
1/1/2018;Ingresos;Ingresos Bonos Contribución;16137
1/1/2018;Ingresos;Ingresos Bonos Contribución;18448
1/1/2018;Ingresos;Ingresos Bonos Contribución;75788
1/1/2018;Ingresos;Ingresos Bonos Contribución;24378
1/1/2018;Ingresos;Ingresos Bonos Contribución;61986
1/1/2018;Ingresos;Ingresos Bonos Contribución;82997
1/1/2018;Ingresos;Ingresos Bonos Contribución;30913
1/1/2018;Ingresos;Ingresos Bonos Contribución;92208
1/1/2018;Ingresos;Ingresos Bonos Contribución;93637
1/1/2018;Ingresos;Ingresos Bonos Contribución;16927
2/1/2021;Ingresos;Ingresos Servicios;1121873
2/1/2021;Ingresos;Ingresos Servicios;220940
2/1/2021;Ingresos;Ingresos Servicios;570809
2/1/2021;Ingresos;Ingresos Servicios;408684
2/1/2021;Ingresos;Ingresos Servicios;451106
2/1/2021;Ingresos;Ingresos Servicios;442684
2/1/2021;Ingresos;Ingresos Servicios;404537
2/1/2021;Ingresos;Ingresos Servicios;374870
2/1/2021;Ingresos;Ingresos Servicios;496721
2/1/2021;Ingresos;Ingresos Servicios;455378
2/1/2021;Ingresos;Ingresos Servicios;329454
2/1/2021;Ingresos;Ingresos Servicios;492165
1/2/2024;Ingresos;Ingresos Servicios;221969
1/2/2024;Ingresos;Ingresos Servicios;293230
1/2/2024;Ingresos;Ingresos Servicios;568883
1/2/2024;Ingresos;Ingresos Servicios;470187
1/2/2024;Ingresos;Ingresos Servicios;347778
1/2/2024;Ingresos;Ingresos Servicios;295364
1/2/2024;Ingresos;Ingresos Servicios;250149
1/2/2024;Ingresos;Ingresos Servicios;473575
2/2/2024;Ingresos;Ingresos Bonos Contribución;35115
2/2/2024;Ingresos;Ingresos Bonos Contribución;43290
2/2/2024;Ingresos;Ingresos Bonos Contribución;60901
2/2/2024;Ingresos;Ingresos Bonos Contribución;92342
2/2/2024;Ingresos;Ingresos Bonos Contribución;17892
2/2/2024;Ingresos;Ingresos Bonos Contribución;63032
2/2/2024;Ingresos;Ingresos Bonos Contribución;29556
2/2/2024;Ingresos;Ingresos Bonos Contribución;42628
3/2/2024;Ingresos;Ingresos Bonos Contribución;64959
3/2/2024;Ingresos;Ingresos Bonos Contribución;45976
3/2/2024;Ingresos;Ingresos Bonos Contribución;173308
3/2/2024;Ingresos;Ingresos Bonos Contribución;225900
3/2/2024;Ingresos;Ingresos Bonos Contribución;244932
3/2/2024;Ingresos;Ingresos Bonos Contribución;506437
3/2/2024;Ingresos;Ingresos Bonos Contribución;234530
3/2/2024;Ingresos;Ingresos Bonos Contribución;531085
4/1/2024;Ingresos;Ingresos Servicios;487746
4/1/2024;Ingresos;Ingresos Servicios;459222
4/1/2024;Ingresos;Ingresos Servicios;232185
4/1/2024;Ingresos;Ingresos Servicios;351798
4/1/2024;Ingresos;Ingresos Servicios;546208
4/1/2024;Ingresos;Ingresos Servicios;584457
4/1/2024;Ingresos;Ingresos Servicios;420123
4/1/2024;Ingresos;Ingresos Servicios;268596
5/2/2024;Ingresos;Ingresos Servicios;90795
5/2/2024;Ingresos;Ingresos Servicios;75887
5/2/2024;Ingresos;Ingresos Servicios;97534
5/2/2024;Ingresos;Ingresos Servicios;117968
5/2/2024;Ingresos;Ingresos Servicios;359060
5/2/2024;Ingresos;Ingresos Servicios;523200
5/2/2024;Ingresos;Ingresos Servicios;329953
5/2/2024;Ingresos;Ingresos Servicios;471594
1/1/2023;Ingresos;Ingresos Bonos Contribución;298586
1/1/2023;Ingresos;Ingresos Bonos Contribución;484258
1/1/2023;Ingresos;Ingresos Bonos Contribución;445529
1/1/2023;Ingresos;Ingresos Bonos Contribución;541508
1/1/2023;Ingresos;Ingresos Bonos Contribución;440936
1/1/2023;Ingresos;Ingresos Bonos Contribución;312491
1/1/2023;Ingresos;Ingresos Bonos Contribución;269664
1/1/2023;Ingresos;Ingresos Bonos Contribución;447841
1/1/2023;Ingresos;Ingresos Bonos Contribución;500982
2/1/2023;Ingresos;Ingresos Servicios;86419
2/1/2023;Ingresos;Ingresos Servicios;18374
2/1/2023;Ingresos;Ingresos Servicios;51045
2/1/2023;Ingresos;Ingresos Servicios;76343
2/1/2023;Ingresos;Ingresos Servicios;249539
2/1/2023;Ingresos;Ingresos Servicios;251130
2/1/2023;Ingresos;Ingresos Servicios;472790
2/1/2023;Ingresos;Ingresos Servicios;470152
2/1/2023;Ingresos;Ingresos Servicios;570995
1/1/2023;Ingresos;Ingresos Servicios;329958
1/1/2023;Ingresos;Ingresos Servicios;242085
1/1/2023;Ingresos;Ingresos Servicios;460201
1/1/2023;Ingresos;Ingresos Servicios;572372
1/1/2023;Ingresos;Ingresos Servicios;408599
2/1/2021;Ingresos;Ingresos Servicios;29120
2/1/2021;Ingresos;Ingresos Servicios;88565
2/1/2021;Ingresos;Ingresos Servicios;88682
2/1/2021;Ingresos;Ingresos Servicios;28523
2/1/2021;Ingresos;Ingresos Servicios;13240
2/1/2021;Ingresos;Ingresos Servicios;27493
2/1/2021;Ingresos;Ingresos Servicios;222261
2/1/2021;Ingresos;Ingresos Servicios;102864
2/1/2021;Ingresos;Ingresos Servicios;228710
2/1/2021;Ingresos;Ingresos Servicios;291540
2/1/2021;Ingresos;Ingresos Servicios;366630
2/1/2021;Ingresos;Ingresos Servicios;446985
2/1/2021;Ingresos;Ingresos Servicios;326348
2/1/2021;Ingresos;Ingresos Servicios;429540
2/1/2021;Ingresos;Ingresos Servicios;303796
2/1/2021;Ingresos;Ingresos Servicios;262362
2/1/2021;Ingresos;Ingresos Servicios;523067
2/1/2021;Ingresos;Ingresos Servicios;534547
2/1/2021;Ingresos;Ingresos Servicios;307194
2/1/2021;Ingresos;Ingresos Servicios;462809
2/1/2021;Ingresos;Ingresos Servicios;434394
2/1/2021;Ingresos;Ingresos Servicios;291606
2/1/2021;Ingresos;Ingresos Servicios;217008
2/1/2021;Ingresos;Ingresos Servicios;592642
1/1/2022;Ingresos;Ingresos Servicios;74488
1/1/2022;Ingresos;Ingresos Servicios;14428
1/1/2022;Ingresos;Ingresos Servicios;47448
1/1/2022;Ingresos;Ingresos Servicios;67094
1/1/2022;Ingresos;Ingresos Servicios;59924
1/1/2022;Ingresos;Ingresos Servicios;46713
1/1/2022;Ingresos;Ingresos Servicios;59286
1/1/2022;Ingresos;Ingresos Servicios;89666
1/1/2022;Ingresos;Ingresos Servicios;81847
1/1/2022;Ingresos;Ingresos Servicios;83619
1/1/2022;Ingresos;Ingresos Servicios;166344
1/1/2022;Ingresos;Ingresos Servicios;174132
1/1/2022;Ingresos;Ingresos Servicios;570388
1/1/2022;Ingresos;Ingresos Servicios;349275
1/1/2022;Ingresos;Ingresos Servicios;561428
1/1/2022;Ingresos;Ingresos Servicios;579438
1/1/2022;Ingresos;Ingresos Servicios;359406
1/1/2022;Ingresos;Ingresos Servicios;590415
1/1/2022;Ingresos;Ingresos Servicios;410481
1/1/2022;Ingresos;Ingresos Servicios;234722
1/1/2022;Ingresos;Ingresos Servicios;334523
1/1/2022;Ingresos;Ingresos Servicios;366542
1/1/2022;Ingresos;Ingresos Servicios;537160
1/1/2022;Ingresos;Ingresos Servicios;553331
1/1/2023;Ingresos;Ingresos Servicios;356962
1/1/2023;Ingresos;Ingresos Servicios;263071
1/1/2023;Ingresos;Ingresos Servicios;525330
1/1/2023;Ingresos;Ingresos Servicios;508349
1/1/2023;Ingresos;Ingresos Servicios;501922
1/1/2023;Ingresos;Ingresos Servicios;462336
1/1/2023;Ingresos;Ingresos Servicios;445924
1/1/2023;Ingresos;Ingresos Servicios;341986
1/1/2023;Ingresos;Ingresos Servicios;307348
1/1/2023;Ingresos;Ingresos Servicios;449104
1/1/2023;Ingresos;Ingresos Servicios;265027
1/1/2023;Ingresos;Ingresos Servicios;547298
1/1/2020;Ingresos;Ingresos Servicios;60805
1/1/2020;Ingresos;Ingresos Servicios;32127
1/1/2020;Ingresos;Ingresos Servicios;63835
1/1/2020;Ingresos;Ingresos Servicios;84204
1/1/2020;Ingresos;Ingresos Servicios;121573
1/1/2020;Ingresos;Ingresos Servicios;179927
1/1/2020;Ingresos;Ingresos Servicios;433438
1/1/2020;Ingresos;Ingresos Servicios;526926
1/1/2020;Ingresos;Ingresos Servicios;271642
1/1/2020;Ingresos;Ingresos Servicios;400338
1/1/2020;Ingresos;Ingresos Servicios;545228
1/1/2020;Ingresos;Ingresos Servicios;244089
1/1/2020;Ingresos;Ingresos Servicios;569863
1/1/2020;Ingresos;Ingresos Servicios;465762
1/1/2020;Ingresos;Ingresos Servicios;268395
1/1/2020;Ingresos;Ingresos Servicios;694300
1/1/2020;Ingresos;Ingresos Servicios;676067
1/1/2020;Ingresos;Ingresos Servicios;727911
1/1/2020;Ingresos;Ingresos Servicios;538554
1/1/2020;Ingresos;Ingresos Servicios;572337
1/1/2020;Ingresos;Ingresos Servicios;604351
1/1/2020;Ingresos;Ingresos Servicios;563349
1/1/2020;Ingresos;Ingresos Servicios;697998
1/1/2020;Ingresos;Ingresos Servicios;675277
1/1/2020;Ingresos;Ingresos Servicios;747671
1/1/2020;Ingresos;Ingresos Servicios;607880
1/1/2020;Ingresos;Ingresos Servicios;668347
1/1/2020;Ingresos;Ingresos Servicios;761671
1/1/2024;Ingresos;Ingresos Servicios;771106
1/1/2024;Ingresos;Ingresos Servicios;626668
1/1/2024;Ingresos;Ingresos Servicios;647753
1/1/2024;Ingresos;Ingresos Servicios;571778
1/1/2024;Ingresos;Ingresos Servicios;783804
1/1/2024;Ingresos;Ingresos Servicios;578491
1/1/2024;Ingresos;Ingresos Servicios;770156
1/1/2024;Ingresos;Ingresos Servicios;648108
1/1/2024;Ingresos;Ingresos Servicios;556901
5/6/2022;Ingresos;Ingresos Servicios;46148
5/6/2022;Ingresos;Ingresos Servicios;23153
5/6/2022;Ingresos;Ingresos Servicios;83712
5/6/2022;Ingresos;Ingresos Servicios;55339
5/6/2022;Ingresos;Ingresos Servicios;65179
5/6/2022;Ingresos;Ingresos Servicios;173595
5/6/2022;Ingresos;Ingresos Servicios;116913
5/6/2022;Ingresos;Ingresos Servicios;447298
5/6/2022;Ingresos;Ingresos Servicios;307698
5/6/2022;Ingresos;Ingresos Servicios;464627
5/6/2022;Ingresos;Ingresos Servicios;294917
5/6/2022;Ingresos;Ingresos Servicios;273536
5/6/2022;Ingresos;Ingresos Servicios;477167
5/6/2022;Ingresos;Ingresos Servicios;345240
5/6/2022;Ingresos;Ingresos Servicios;578153
5/6/2022;Ingresos;Ingresos Servicios;255436
5/6/2022;Ingresos;Ingresos Servicios;630203
5/6/2022;Ingresos;Ingresos Servicios;788229
5/6/2022;Ingresos;Ingresos Servicios;667281
5/6/2022;Ingresos;Ingresos Servicios;663026
5/6/2022;Ingresos;Ingresos Servicios;575890
5/6/2022;Ingresos;Ingresos Servicios;704002
5/6/2022;Ingresos;Ingresos Servicios;776587
5/6/2022;Ingresos;Ingresos Servicios;700318
5/6/2022;Ingresos;Ingresos Servicios;782687
5/6/2022;Ingresos;Ingresos Servicios;711560
5/6/2022;Ingresos;Ingresos Servicios;768202
2/2/2024;Ingresos;Ingresos Servicios;71381
2/2/2024;Ingresos;Ingresos Servicios;55346
2/2/2024;Ingresos;Ingresos Servicios;66576
2/2/2024;Ingresos;Ingresos Servicios;83697
2/2/2024;Ingresos;Ingresos Servicios;40499
2/2/2024;Ingresos;Ingresos Servicios;41123
2/2/2024;Ingresos;Ingresos Servicios;15614
2/2/2024;Ingresos;Ingresos Servicios;34964
1/4/2024;Ingresos;Ingresos Servicios;551050
1/4/2024;Ingresos;Ingresos Servicios;700290
1/4/2024;Ingresos;Ingresos Servicios;565167
1/4/2024;Ingresos;Ingresos Servicios;635642
1/4/2024;Ingresos;Ingresos Servicios;642222
1/4/2024;Ingresos;Ingresos Servicios;514844
1/4/2022;Ingresos;Ingresos Servicios;496574
1/4/2022;Ingresos;Ingresos Servicios;444382
1/4/2022;Ingresos;Ingresos Servicios;488440
1/4/2022;Ingresos;Ingresos Servicios;309601
1/1/2021;Ingresos;Ingresos Servicios;51713
1/1/2021;Ingresos;Ingresos Servicios;109533
1/1/2021;Ingresos;Ingresos Servicios;117472
1/1/2021;Ingresos;Ingresos Servicios;104618
1/1/2021;Ingresos;Ingresos Servicios;39420
1/1/2021;Ingresos;Ingresos Servicios;46331
1/1/2021;Ingresos;Ingresos Servicios;40212
1/1/2021;Ingresos;Ingresos Servicios;64932
1/1/2021;Ingresos;Ingresos Servicios;81503
1/1/2021;Ingresos;Ingresos Servicios;73476
1/1/2021;Ingresos;Ingresos Servicios;117902
1/1/2021;Ingresos;Ingresos Servicios;38437
1/1/2021;Ingresos;Ingresos Servicios;73466
1/1/2021;Ingresos;Ingresos Servicios;115458
1/1/2024;Ingresos;Ingresos Bonos Contribución;57632
1/1/2024;Ingresos;Ingresos Bonos Contribución;88336
1/1/2024;Ingresos;Ingresos Bonos Contribución;58897
1/1/2024;Ingresos;Ingresos Bonos Contribución;33079
1/1/2024;Ingresos;Ingresos Bonos Contribución;24515
